name,pos,stan.proj,adp,rec
Adrian Peterson,RB,273.4,1.6,39.1
Arian Foster,RB,242.2,3.3,42.1
Marshawn Lynch,RB,230.9,4.3,24.9
Ray Rice,RB,222.8,5.4,60.8
Doug Martin,RB,244.1,6.3,53.6
Jamaal Charles,RB,235.6,8.3,56.9
Aaron Rodgers,QB,347,9.7,0
C.J. Spiller,RB,239.6,9.2,48.6
Calvin Johnson,WR,225.3,9.9,105.3
Trent Richardson,RB,225,10.2,49.1
Drew Brees,QB,339.5,12.8,0
LeSean McCoy,RB,219.9,12.3,53.3
Alfred Morris,RB,215.8,12.2,14.8
Peyton Manning,QB,321.3,16.5,0
A.J. Green,WR,199.4,16,93.3
Matt Forte,RB,201.3,18.2,58.4
Steven Jackson,RB,195.6,17.4,40.2
Dez Bryant,WR,198.8,18.1,94.4
Tom Brady,QB,307.3,21.7,0
Brandon Marshall,WR,195.4,22,104.8
Julio Jones,WR,192,22.7,83.5
Frank Gore,RB,178,23.4,24.5
Stevan Ridley,RB,194.2,22.7,8.9
Chris Johnson,RB,193.5,25.2,39.8
Demaryius Thomas,WR,184.3,26,85.2
Jimmy Graham,TE,171.5,28.3,89.2
Maurice Jones-Drew,RB,187.3,28.5,37.8
Roddy White,WR,175.4,29.9,90.1
Andre Johnson,WR,175.6,30.4,96.2
Cam Newton,QB,321.4,33.1,0
Larry Fitzgerald,WR,176.9,32,89.3
Vincent Jackson,WR,172.3,35.5,71.9
Wes Welker,WR,147.3,36.3,87
Matt Ryan,QB,301.5,36.8,0
Randall Cobb,WR,175,36,93.7
Colin Kaepernick,QB,300.1,39,0
David Wilson,RB,174.4,32,27
Victor Cruz,WR,165.8,38.9,85.8
Darren McFadden,RB,171.9,40.6,38.7
Reggie Bush,RB,189.4,41.3,70.6
DeMarco Murray,RB,184.3,43.2,41
Eddie Lacy,RB,144.4,41.1,21.8
Marques Colston,WR,157.8,44.1,79.6
Reggie Wayne,WR,153.2,45.3,87.9
Robert Griffin III,QB,289.1,47.3,0
Darren Sproles,RB,161.3,47.3,79.7
Mike Wallace,WR,140.9,49.9,64.3
Danny Amendola,WR,142.9,49.8,90.5
Tony Gonzalez,TE,130.1,52,85.2
Rob Gronkowski,TE,154.3,46.4,68.2
Jason Witten,TE,127,55.3,91.7
Montee Ball,RB,141.8,61.6,21.9
Dwayne Bowe,WR,154.8,55.3,79.7
Matthew Stafford,QB,292.3,59.5,0
Vernon Davis,TE,121,57.4,64.5
Hakeem Nicks,WR,141.8,57.2,68.2
Steve Smith,WR,148.4,57.6,71.8
Eric Decker,WR,148.3,57.8,71.3
Russell Wilson,QB,282.2,61,0
James Jones,WR,139,60.7,67.5
Ryan Mathews,RB,142,66.8,31.9
Andrew Luck,QB,291.5,68.3,0
Jordy Nelson,WR,143.4,66.7,65.4
Lamar Miller,RB,173.2,55.2,32.7
Antonio Brown,WR,145,67.6,79.1
DeSean Jackson,WR,135,71,63.9
Torrey Smith,WR,147.9,70.1,61.6
Pierre Garcon,WR,153.5,70,75.3
Christopher Ivory,RB,146.6,73.6,14.6
Ahmad Bradshaw,RB,141,72.9,27.8
Tony Romo,QB,279.2,78.7,0
Giovani Bernard,RB,134.2,77.8,38.5
Anquan Boldin,WR,121.4,80.3,62.8
DeAngelo Williams,RB,124.8,75.4,18.9
Danny Woodhead,RB,102.2,142,41.8
Kyle Rudolph,TE,101.9,80.7,58.4
Tavon Austin,WR,126.4,82.6,72
Greg Jennings,WR,120.8,83.9,64.3
BenJarvus Green-Ellis,RB,119.7,84.6,11.6
Owen Daniels,TE,97,84.3,60.4
Cecil Shorts,WR,141,83.1,67.1
Greg Olsen,TE,107.9,85.8,63.9
Ty Hilton,WR,135.8,88.6,62.4
Steve Johnson,WR,132.7,88.4,71.7
Antonio Gates,TE,104.3,91.2,58.3
Daryl Richardson,RB,134.8,87.6,35.9
Sidney Rice,WR,108.6,88.5,51
Eli Manning,QB,256.6,92.3,0
Rashard Mendenhall,RB,144.7,86.9,22.5
Miles Austin,WR,125.6,90.7,61.9
Shane Vereen,RB,135.5,93.4,51.4
Jermichael Finley,TE,106.1,101.4,62.2
Mike Williams,WR,131.1,100.5,64.3
Lance Moore,WR,126.3,104.3,62.5
Michael Vick,QB,229.3,102.5,0
Mark Ingram,RB,118.7,98.9,10.2
Vick Ballard,RB,101.1,104.9,20.9
Ben Roethlisberger,QB,231.5,108.2,0
Andre Brown,RB,125,187,20.7
Joe Flacco,QB,226.9,119.8,0
Ronnie Hillman,RB,111.5,132.9,30.9
Kenny Britt,WR,126.1,115.1,58.1
Brandon Myers,TE,94.3,110.4,62
Emmanuel Sanders,WR,112.8,115.2,63
Jared Cook,TE,103.9,117.7,58.1
Golden Tate,WR,121,118.3,57
Matt Schaub,QB,226.8,118.1,0
Le'Veon Bell,RB,117.6,150,20.3
Chris Givens,WR,117.7,117,57.5
Andy Dalton,QB,240.6,122.7,0
Denarius Moore,WR,113.3,120.5,54
Josh Gordon,WR,125,120.5,55.3
Ben Tate,RB,103.2,107,14.8
Jay Cutler,QB,225.9,126.5,0
Isaiah Pead,RB,79.5,117.7,15
Bryce Brown,RB,95.2,123.8,17.9
Sam Bradford,QB,225,125.8,0
Vincent Brown,WR,104.3,128.3,53.4
Kenbrell Thompkins,WR,93.3,125.4,50
Martellus Bennett,TE,93.9,130.3,54.2
Alex Smith,QB,219.1,130.9,0
Carson Palmer,QB,226.6,129.3,0
Philip Rivers,QB,220.7,130.1,0
Fred Jackson,RB,96,127.3,25.2
Jordan Cameron,TE,92.4,132.8,55.7
Josh Freeman,QB,238.4,132.2,0
Mikel Leshoure,RB,77.4,145.6,12.7
Michael Floyd,WR,116.1,138.6,62.3
Brandon Pettigrew,TE,91.3,132.7,63.9
Zach Sudfeld,TE,65.7,132,32.1
Fred Davis,TE,86.7,134.4,48.8
Bernard Pierce,RB,98.9,130.3,13.9
Alshon Jeffery,WR,104.3,120.3,49
DeAndre Hopkins,WR,101.6,133.8,50.9
Jacquizz Rodgers,RB,85.3,133.3,40.5
Ryan Tannehill,QB,211.8,140.8,0
Ryan Broyles,WR,104.9,137.6,60.8
Jermaine Gresham,TE,76.1,136.7,44.5
Jonathan Dwyer,RB,72.6,160,10.8
Malcom Floyd,WR,91.8,138.6,46.8
E.J. Manuel,QB,182.5,141,0
Michael Bush,RB,80.1,140.2,10.7
Rueben Randle,WR,105.2,139.7,52.8
Kendall Wright,WR,102.3,141.8,59.5
Tyler Eifert,TE,77.8,139.4,47.3
Justin Blackmon,WR,103.7,141,54.6
Coby Fleener,TE,79.7,142.4,48.2
Jonathan Stewart,RB,106.3,142.6,21.6
Julius Thomas,TE,63.3,142.9,33.2
Pierre Thomas,RB,100.8,143.2,34.4
Santana Moss,WR,76.6,143.4,37
Shonn Greene,RB,79.6,143.8,9.9
Bilal Powell,RB,80.7,144.8,24.5
Jacoby Jones,WR,83.4,145,42.9
Brian Hartline,WR,100.7,146.7,59.3
Darrius Heyward-Bey,WR,87.9,146.9,40.7
Ed Dickson,TE,74.4,149.1,38.7
Aaron Dobson,WR,78.9,149.7,37.6
Andre Roberts,WR,86.4,152.8,52.1
Daniel Thomas,RB,76.6,148.5,17.1
Austin Collie,WR,47.2,153.4,25.1
Brandon Weeden,QB,203.9,160,0
Jake Locker,QB,201.5,160,0
Christian Ponder,QB,171.1,160,0
Matt Flynn,QB,160,160,0
Geno Smith,QB,132.6,160,0
Blaine Gabbert,QB,127.2,160,0
Chad Henne,QB,75.8,160,0
Mark Sanchez,QB,50.3,160,0
Nick Foles,QB,49.8,160,0
Kevin Kolb,QB,45.7,160,0
Matt Cassel,QB,44.4,160,0
Terrelle Pryor,QB,41.1,160,0
Ryan Fitzpatrick,QB,38.6,160,0
Kirk Cousins,QB,29.4,160,0
Matt Barkley,QB,20.7,160,0
Bruce Gradkowski,QB,18.9,160,0
Jason Campbell,QB,15.6,160,0
Chase Daniel,QB,13,160,0
Matt Moore,QB,11.8,160,0
Drew Stanton,QB,9.4,160,0
Tyler Wilson,QB,8.9,160,0
Brian Hoyer,QB,8.6,160,0
Tyrod Taylor,QB,8.2,160,0
Domanique Davis,QB,8.1,160,0
Josh McCown,QB,7.4,160,0
Colt McCoy,QB,7.1,160,0
Seneca Wallace,QB,7,160,0
Dennis Dixon,QB,6.6,160,0
Tim Tebow,QB,6.1,160,0
Kyle Orton,QB,5.9,160,0
Charlie Whitehurst,QB,5.8,160,0
Graham Harrell,QB,5.6,160,0
Shaun Hill,QB,5.3,160,0
Brock Osweiler,QB,4.4,160,0
Josh Johnson,QB,4.1,160,0
Ryan Mallett,QB,2.7,160,0
Curtis Painter,QB,2.4,160,0
Taylor Yates,QB,1.8,160,0
Luke McCown,QB,1.8,160,0
Matt Hasselbeck,QB,1.7,160,0
Brady Quinn,QB,1.6,160,0
Austin Davis,QB,1.5,160,0
Vince Young,QB,1.4,160,0
Ryan Nassib,QB,1.1,160,0
Tarvaris Jackson,QB,1,160,0
Dan Orlovsky,QB,1,160,0
Mike Glennon,QB,0.9,160,0
Derek Anderson,QB,0.9,160,0
David Carr,QB,0.6,160,0
Kellen Clemens,QB,0,160,0
Stephen McGee,QB,0,160,0
Mike Kafka,QB,0,160,0
Jeff Tuel,QB,0,160,0
McLeod Bethel-Thompson,QB,0,160,0
Trent Edwards,QB,0,160,0
Matt McGloin,QB,0,160,0
John Skelton,QB,0,160,0
Tyler Bray,QB,0,160,0
Kellen Moore,QB,0,160,0
Landry Jones,QB,0,160,0
Case Keenum,QB,0,160,0
Zac Robinson,QB,0,160,0
Alex Tanney,QB,0,160,0
Jordan Palmer,QB,0,160,0
Seth Doege,QB,0,160,0
Pat Devlin,QB,0,160,0
Jimmy Clausen,QB,0,160,0
Scott Tolzien,QB,0,160,0
Ryan Katz,QB,0,160,0
Ryan Lindley,QB,0,160,0
Rex Grossman,QB,0,160,0
Greg McElroy,QB,0,160,0
Thaddeus Lewis,QB,0,160,0
Caleb Hanie,QB,0,160,0
John Parker Wilson,QB,0,160,0
Chandler Harnish,QB,0,160,0
Matt Scott,QB,0,160,0
Pat White,QB,0,160,0
Zac Dysert,QB,0,160,0
Rusty Smith,QB,0,160,0
B.J. Coleman,QB,0,160,0
Brad Sorensen,QB,0,160,0
Colby Cameron,QB,0,160,0
Adam Weber,QB,0,160,0
Ricky Stanzi,QB,0,160,0
B.J. Daniels,QB,0,160,0
Sean Renfree,QB,0,160,0
Willis McGahee,RB,97.5,160,0
Joique Bell,RB,72.3,160,27.7
Roy Helu,RB,70.5,160,30.9
Johnathan Franklin,RB,69.9,160,20.3
Kendall Hunter,RB,69.3,160,13.7
LaRod Stephens-Howling,RB,67.8,160,27.6
Marcel Reece,RB,67.8,160,40.8
Mike Tolbert,RB,67.7,160,27
Zac Stacy,RB,65.9,160,10
DuJuan Harris,RB,64.5,160,15.8
Knile Davis,RB,63.7,160,12.3
Toby Gerhart,RB,59.8,160,18.3
Isaac Redman,RB,59.4,160,14.7
Robert Turbin,RB,57.5,160,15.2
LaMichael James,RB,56.5,160,14.7
Rashad Jennings,RB,56.3,160,15.4
Dexter McCluster,RB,54.4,160,51
Ryan Williams,RB,54.2,160,12.4
Knowshon Moreno,RB,53.9,160,17.8
Denard Robinson,RB,51.7,160,18.5
Christine Michael,RB,50.4,160,11
Joseph Randle,RB,50.3,160,13.1
Lance Dunbar,RB,48,160,14
LeGarrette Blount,RB,46.4,160,3.8
Mike Gillislee,RB,44.9,160,13.6
Justin Forsett,RB,42.7,160,12.7
Latavius Murray,RB,41.7,160,10.3
Brandon Jackson,RB,39.6,160,11.8
Donald Brown,RB,39.2,160,10.3
Stepfan Taylor,RB,38.2,160,8.2
Dion Lewis,RB,37.4,160,16.3
Ronnie Brown,RB,36.8,160,18.8
Charles Clay,RB,35,160,31
Mike Goodson,RB,34.9,160,11.5
Mike James,RB,34.8,160,6.7
John Kuhn,RB,33.7,160,16.5
Jason Snelling,RB,33,160,18.9
Evan Royster,RB,32.8,160,11.6
Chris Polk,RB,32.7,160,7.1
Andre Ellington,RB,32.1,160,10.6
Montario Hardesty,RB,29.3,160,5.7
Brian Leonard,RB,29.1,160,19.2
Phillip Tanner,RB,27.3,160,5.3
Shaun Draughn,RB,26.3,160,10.1
Delone Carter,RB,24,160,1.8
William Powell,RB,23.9,160,15.6
Joe McKnight,RB,23.5,160,8.9
Peyton Hillis,RB,23.3,160,3.6
Armando Allen,RB,23.1,160,6.8
Jorvorski Lane,RB,22.9,160,5.7
Kenjon Barner,RB,22.8,160,4.2
Chris Ogbonnaya,RB,22.7,160,12.3
Dennis Johnson,RB,21.8,160,5.6
Vonta Leach,RB,21.5,160,15.7
Brandon Bolden,RB,21.4,160,1
Felix Jones,RB,20.6,160,4.5
James Starks,RB,20.1,160,3.8
Alex Green,RB,20,160,6
Jamie Harper,RB,19.6,160,2
Cedric Peerman,RB,19.1,160,4.4
Leon Washington,RB,18.9,160,7.9
Will Johnson,RB,18.6,160,10.2
Bernard Scott,RB,18.4,160,8.6
Taiwan Jones,RB,17.2,160,0
Anthony Dixon,RB,17.1,160,1.5
Lance Ball,RB,16.7,160,3.9
Michael Robinson,RB,15.9,160,10.1
Jacob Hester,RB,15.8,160,8.4
Montell Owens,RB,15.6,160,7.1
Tashard Choice,RB,15.1,160,4.2
Keiland Williams,RB,14.6,160,4.9
Jed Collins,RB,14.5,160,9
Damien Berry,RB,14.3,160,4.9
Orson Charles,RB,14.2,160,9.3
Danny Ware,RB,13.9,160,9.4
Da'Rel Scott,RB,13.8,160,3.6
Darrel Young,RB,12.5,160,4.9
Le'Ron McClain,RB,12.4,160,7.6
Baron Batch,RB,11.9,160,2.2
Ryan Torain,RB,10.9,160,3.7
Rex Burkhead,RB,10.4,160,1
Travaris Cadet,RB,9.5,160,4.6
Henry Hynoski,RB,8.9,160,7.7
Evan Rodriguez,RB,8.8,160,7
Chris Thompson,RB,8.7,160,3.1
Ryan D'Imperio,RB,8.6,160,7.1
Jeremy Stewart,RB,8.4,160,3.7
Stanley Havili,RB,8.2,160,6.7
Miguel Maysonet,RB,7.9,160,0
Cyrus Gray,RB,7.9,160,1.3
Jerome Felton,RB,7.7,160,5.7
Benny Cunningham,RB,7.7,160,2.4
Dorin Dickerson,RB,7.6,160,7.1
Anthony Allen,RB,7.6,160,1.5
Cierre Wood,RB,7.5,160,0.5
Matthew Tucker,RB,7.5,160,0
Michael Cox,RB,6.9,160,0
Chad Spann,RB,6.8,160,0
Bruce Miller,RB,6.6,160,8
Darius Reynaud,RB,6.6,160,4.8
Jordan Todman,RB,6.5,160,0
Harvey Unga,RB,6.5,160,0
Tristan Davis,RB,6.1,160,2
Chris Pressley,RB,5.9,160,2.7
Kerwynn Williams,RB,5.6,160,0
Shaun Chapas,RB,5.4,160,2
Matt Asiata,RB,5.3,160,2.2
Owen Marecic,RB,5.3,160,2.7
Quinn Johnson,RB,5.3,160,5.3
Lawrence Vickers,RB,5.3,160,5.3
Tommy Bohanon,RB,5,160,4.7
Michael Smith,RB,5,160,1.3
Jackie Battle,RB,5,160,0
Antone Smith,RB,5,160,0
Marcus Thigpen,RB,4.5,160,2.3
Lex Hilliard,RB,4.3,160,2
David Johnson,RB,4.3,160,5.4
John Griffin,RB,4.1,160,3.4
Dan Herron,RB,4.1,160,0
Theo Riddick,RB,4.1,160,0
Anthony Sherman,RB,3.9,160,4.4
Jalen Parmele,RB,3.9,160,0
Bradie Ewing,RB,3.2,160,3.1
Erik Lorig,RB,3.1,160,3.1
James Develin,RB,3,160,4.7
Tony Fiammetta,RB,2.9,160,2
Mike Cox,RB,2.4,160,0
Jamie McCoy,RB,2.2,160,2
Kyle Juszczyk,RB,2.1,160,2.7
Tyler Clutts,RB,2.1,160,2.7
Terrance Ganaway,RB,2,160,0
Will Ta'ufo'ou,RB,2,160,3.4
John Conner,RB,1.9,160,0
Stefan Logan,RB,1.6,160,1.4
Chris Gronkowski,RB,1.4,160,2
Brit Miller,RB,1.3,160,0.7
Nate Eachus,RB,1.3,160,1.4
Armond Smith,RB,1.2,160,0
Corey McIntyre,RB,1.1,160,1.4
Manase Tonga,RB,1,160,1.4
Reagan Maui'a,RB,0.9,160,0.7
Brock Bolen,RB,0.8,160,0.7
Thomas Clayton,RB,0.7,160,0
Eddie Williams,RB,0.6,160,0
Robert Hughes,RB,0.5,160,0.7
Moran Norris,RB,0.5,160,0.7
Josh Vaughan,RB,0.4,160,0
Allen Bradford,RB,0.4,160,0
Davin Meggett,RB,0,160,0
Steven Miller,RB,0,160,0
Mossis Madu,RB,0,160,0
Jewel Hampton,RB,0,160,0
Kahlil Bell,RB,0,160,0
Alfonso Smith,RB,0,160,0
Jordan Roberts,RB,0,160,0
Edwin Baker,RB,0,160,0
Ray Graham,RB,0,160,0
Curtis Brinkley,RB,0,160,0
Jawan Jamison,RB,0,160,0
Tauren Poole,RB,0,160,0
Marcus Lattimore,RB,0,160,0
Jeff Demps,RB,0,160,0
Khiry Robinson,RB,0,160,0
Jonathan Grimes,RB,0,160,0
Bobby Rainey,RB,0,160,0
C.J. Anderson,RB,0,160,0
Deji Karim,RB,0,160,0
D.J. Harper,RB,0,160,0
Michael Ford,RB,0,160,0
Ronnie Wingo,RB,0,160,0
Michael Hill,RB,0,160,0
Jeremiah Johnson,RB,0,160,0
Dominique Whaley,RB,0,160,0
Marcedes Lewis,TE,79.5,160,51.6
Robert Housler,TE,76,160,53.4
Zach Miller,TE,75,160,44.5
Dwayne Allen,TE,73.6,160,46.6
Heath Miller,TE,71.3,160,37.7
Scott Chandler,TE,64.7,160,37.3
Delanie Walker,TE,64.2,160,34.6
Brent Celek,TE,62.5,160,38.2
James Casey,TE,56.6,160,33.1
Dallas Clark,TE,55.3,160,32.6
Kellen Winslow,TE,54.7,160,34.7
Tony Scheffler,TE,52.1,160,29.7
Travis Kelce,TE,50.1,160,30.5
Zach Ertz,TE,49.3,160,30.3
Anthony Fasano,TE,49.1,160,32
Joel Dreessen,TE,47.3,160,25.7
Luke Stocker,TE,47,160,31.9
David Ausberry,TE,46.8,160,28.2
Jacob Tamme,TE,46,160,29.7
Jeff Cumberland,TE,45.8,160,31.5
Garrett Graham,TE,44.2,160,28.6
Tony Moeaki,TE,40.1,160,26.7
Dustin Keller,TE,38.8,160,19
Tom Crabtree,TE,33.4,160,20.8
Charles Clay,TE,33.3,160,20.8
Benjamin Watson,TE,33.2,160,18.1
Lance Kendricks,TE,33.1,160,18.6
Vance McDonald,TE,32.7,160,18.6
David Thomas,TE,27.1,160,0
David Paulson,TE,25.1,160,15.9
Dion Sims,TE,25.1,160,16.1
Jake Ballard,TE,24.6,160,12.1
Luke Willson,TE,24,160,12.9
Gavin Escobar,TE,23.7,160,14.1
Craig Stevens,TE,22.8,160,13.6
Jeff King,TE,22.6,160,14.1
Mychal Rivera,TE,21.8,160,15
Logan Paulsen,TE,20.4,160,13
John Phillips,TE,19.5,160,14
D.J. Williams,TE,19.2,160,10.6
John Carlson,TE,18.8,160,14.8
Matt Spaeth,TE,18.3,160,11.4
Ladarius Green,TE,17.9,160,11.3
Jordan Reed,TE,17.1,160,8.8
Lee Smith,TE,16.6,160,10.4
Taylor Thompson,TE,16.3,160,12
Kellen Davis,TE,16,160,10.9
Michael Egnew,TE,15.8,160,11
Andrew Quarless,TE,15.7,160,9.2
Richard Gordon,TE,15.6,160,11.2
Adrien Robinson,TE,15.4,160,9
Virgil Green,TE,14.5,160,8.8
Anthony McCoy,TE,13.6,160,6.7
Gary Barnidge,TE,13.4,160,9.5
James Hanna,TE,13.1,160,10.6
Clay Harbor,TE,12.8,160,8
Matthew Mulligan,TE,12.3,160,7.9
Garrett Celek,TE,12.3,160,7.9
Jeron Mastrud,TE,12.3,160,8.2
Nick Kasa,TE,12.2,160,8.5
Michael Williams,TE,11.9,160,7.6
Allen Reisner,TE,11.6,160,7.2
Visanthe Shiancoe,TE,11.5,160,8.1
Chase Coffman,TE,11.2,160,8.3
Michael Higgins,TE,11,160,6.5
Michael Palmer,TE,10.5,160,7.1
Evan Moore,TE,10.4,160,5.4
Niles Paul,TE,9.6,160,6.7
Michael Hoomanawanui,TE,9.5,160,7.1
Konrad Reuland,TE,9.1,160,7.5
Dante Rosario,TE,9,160,5.7
Bear Pascoe,TE,8.4,160,6.8
Steve Maneri,TE,8.3,160,5.7
Justice Cunningham,TE,7.2,160,4.7
Alex Smith,TE,6.8,160,4.5
Sean McGrath,TE,6.7,160,5.1
Hayden Smith,TE,6.7,160,5.3
Ryan Griffin,TE,6.7,160,5.1
Levine Toilolo,TE,6.5,160,4.6
Billy Bajema,TE,6.4,160,0
Brett Brackett,TE,6.4,160,4.6
Weslye Saunders,TE,6.2,160,5.8
Rhett Ellison,TE,6.2,160,6.2
Daniel Fells,TE,6.1,160,4.3
Jamie McCoy,TE,5.9,160,3.8
Chris Gragg,TE,5.5,160,4
David Johnson,TE,5.4,160,3.4
Zach Miller,TE,5.3,160,3.5
D.C. Jefferson,TE,5.1,160,4
Ben Hartsock,TE,4.4,160,3.9
Evan Rodriguez,TE,4.3,160,5
Dorin Dickerson,TE,4.3,160,4
Richie Brockel,TE,4,160,2.3
Kyle Adams,TE,3.5,160,2.8
Mike McNeill,TE,3.4,160,3.3
Ryan Otten,TE,3.3,160,3
Nate Byham,TE,2.8,160,2.7
Brody Eldridge,TE,2.5,160,3.1
Jim Dray,TE,2.2,160,1.7
Aaron Hernandez,TE,2,160,2
Ryan Taylor,TE,1.8,160,2.2
Kory Sperry,TE,1.6,160,0.9
Colin Cochart,TE,1,160,0.9
Dan Gronkowski,TE,0.9,160,1.3
Mike Caussin,TE,0.9,160,1.3
Zack Pianalto,TE,0.9,160,0.9
Mickey Shuler,TE,0.7,160,0.4
Kevin Brock,TE,0.6,160,0.4
Tommy Gallarda,TE,0.5,160,0.7
Fendi Onobun,TE,0.3,160,0.7
Isaiah Stanback,TE,0.3,160,0.4
Brad Smelley,TE,0.2,160,0.7
Joseph Fauria,TE,0,160,0
MarQueis Gray,TE,0,160,0
Dennis Pitta,TE,0,160,0
Jake Stoneburner,TE,0,160,0
Brandon Williams,TE,0,160,0
Kyle Miller,TE,0,160,0
Derek Carrier,TE,0,160,0
Colin Cloherty,TE,0,160,0
Dominique Curry,TE,0,160,0
Philip Lutzenkirchen,TE,0,160,0
Danny Noble,TE,0,160,0
Deangelo Peterson,TE,0,160,0
Dominique Jones,TE,0,160,0
Gabe Miller,TE,0,160,0
Zach Potter,TE,0,160,0
Andre Smith,TE,0,160,0
Brandon Bostick,TE,0,160,0
Matt Furstenburg,TE,0,160,0
Jake O'Connell,TE,0,160,0
Cameron Morrah,TE,0,160,0
Brandon Barden,TE,0,160,0
Richard Quinn,TE,0,160,0
Demetrius Harris,TE,0,160,0
Cory Harkey,TE,0,160,0
Alex Silvestro,TE,0,160,0
Leonard Pope,TE,0,160,0
Brandon LaFell,WR,99.9,160,50.8
Greg Little,WR,96.9,160,54.6
Rod Streater,WR,92.2,160,52.7
Mohamed Sanu,WR,86.4,160,43.3
Nate Burleson,WR,79.7,160,46.1
Robert Woods,WR,78.7,160,42.2
Jeremy Kerley,WR,78,160,52.5
Cordarrelle Patterson,WR,76.3,160,37.8
Stephen Hill,WR,75,160,37.8
Donnie Avery,WR,74.2,160,41.4
Santonio Holmes,WR,72.9,160,38
Brandon Gibson,WR,71.9,160,41.7
Davone Bess,WR,69.5,160,50.4
Riley Cooper,WR,67.8,160,35.8
Josh Morgan,WR,67.5,160,38.4
Nate Washington,WR,67.2,160,33.6
Dexter McCluster,WR,67,160,51.4
Markus Wheaton,WR,66.6,160,33.6
Keenan Allen,WR,65.8,160,34.8
Jarius Wright,WR,61.6,160,35.5
Leonard Hankerson,WR,58.8,160,32.7
Kenny Stills,WR,58.4,160,29.6
Brian Quick,WR,55.5,160,29.7
Jason Avant,WR,55.4,160,41.8
Brandon Stokley,WR,55.2,160,34.6
Braylon Edwards,WR,55,160,30.3
Jacoby Ford,WR,55,160,28.1
Terrance Williams,WR,53.5,160,30.2
Earl Bennett,WR,52,160,32.9
Harry Douglas,WR,50.7,160,33.8
Julian Edelman,WR,50.6,160,27.1
Laurent Robinson,WR,50.4,160,0
Doug Baldwin,WR,50.3,160,27
Andrew Hawkins,WR,49.5,160,32.9
Domenik Hixon,WR,49.5,160,26.6
T.J. Graham,WR,48.8,160,29.4
Eddie Royal,WR,48.6,160,33.2
Damaris Johnson,WR,48,160,26.5
Jon Baldwin,WR,48,160,24.2
Austin Pettis,WR,47.7,160,29.7
Kevin Ogletree,WR,46.6,160,26.9
Justin Hunter,WR,45.9,160,23
Juron Criner,WR,45.2,160,26
Randy Moss,WR,44.3,160,0
Jerricho Cotchery,WR,43.4,160,29.3
Percy Harvin,WR,42.6,160,23.8
Mario Manningham,WR,42.2,160,20.9
Travis Benjamin,WR,41.2,160,19
Michael Crabtree,WR,41,160,19.3
Dwayne Harris,WR,40.1,160,23.2
Jordan Shipley,WR,40.1,160,31.3
Ace Sanders,WR,39.1,160,23.8
Jerome Simpson,WR,38.9,160,23.3
A.J. Jenkins,WR,38.6,160,20.9
Marvin Jones,WR,38,160,19.6
Marquise Goodwin,WR,35.5,160,17.5
Tiquan Underwood,WR,35.5,160,18.7
Michael Jenkins,WR,35.4,160,0
Louis Murphy,WR,34.3,160,19.8
Marlon Moore,WR,34.1,160,18.4
Nick Toon,WR,33.7,160,17
Steve Smith,WR,33.4,160,16
Keshawn Martin,WR,32.8,160,22.1
Plaxico Burress,WR,32.6,160,13.8
Stedman Bailey,WR,31.8,160,18
Kevin Walter,WR,30.9,160,17.1
Kyle Williams,WR,30.1,160,14.7
Damian Williams,WR,30,160,20.1
Tandon Doss,WR,29.7,160,19.4
Tommy Streeter,WR,29.4,160,15
Deion Branch,WR,28.6,160,0
Joseph Morgan,WR,28.5,160,14.2
Charles Johnson,WR,28.3,160,0
Mike Thomas,WR,27.9,160,16.3
Jermaine Kearse,WR,26.4,160,15
LaVon Brazill,WR,26.4,160,15.7
Quinton Patton,WR,25.9,160,13.2
Brice Butler,WR,25.4,160,15.9
Courtney Roby,WR,25.3,160,5.8
Rishard Matthews,WR,24.7,160,13.2
Ramses Barden,WR,24.5,160,4.5
Patrick Edwards,WR,24.4,160,13.7
David Nelson,WR,24.3,160,17
Lestar Jean,WR,24.1,160,12.8
Donald Jones,WR,23.6,160,14.7
Clyde Gates,WR,23.3,160,13.7
Da'Rick Rogers,WR,23.2,160,11.3
Josh Boyce,WR,22.8,160,13.2
Ted Ginn Jr.,WR,22.5,160,13.9
Robert Meachem,WR,21.3,160,10.5
DeVier Posey,WR,20.7,160,11.9
Mohamed Massaquoi,WR,20.6,160,12.1
Cole Beasley,WR,19.4,160,14.4
Mike Brown,WR,19.3,160,14.4
Marcus Easley,WR,19.2,160,9.3
Aldrick Robinson,WR,18.9,160,6.6
Derek Hagan,WR,18.7,160,4
Justin Brown,WR,18.6,160,4.1
Russell Shepard,WR,17.4,160,12.4
Josh Cribbs,WR,17.4,160,11.3
Tavarres King,WR,17.4,160,7.3
Deonte Thompson,WR,17.2,160,8.8
Anthony Armstrong,WR,16.9,160,7.3
Brad Smith,WR,16.9,160,8.4
Andre Caldwell,WR,16.6,160,10.5
Marquess Wilson,WR,16.1,160,5.2
Drew Davis,WR,16,160,7.4
Ryan Swope,WR,15.6,160,9.1
Dane Sanzenbacher,WR,15.2,160,8.3
Devin Hester,WR,14.9,160,4.6
Corey Fuller,WR,14.8,160,9.7
Jerrel Jernigan,WR,14.8,160,6.7
Stephen Williams,WR,14.2,160,8.4
Jarrett Boykin,WR,13.8,160,7.5
David Reed,WR,13.6,160,0
David Gettis,WR,13.4,160,6.3
Clay Harbor,WR,13.3,160,7.5
Matt Slater,WR,13.3,160,0
Jaron Brown,WR,13,160,7.7
Dezmon Briscoe,WR,12.8,160,6.2
Brian Robiskie,WR,12.3,160,8
Ben Obomanu,WR,12.3,160,0
Matt Willis,WR,12.2,160,6.7
Arrelious Benn,WR,12.1,160,6.7
Brandon Tate,WR,11.8,160,5.3
Chris Hogan,WR,11.7,160,6.4
Devon Wylie,WR,11.6,160,6.7
Jeff Fuller,WR,11.5,160,7.6
Chaz Schilens,WR,11.4,160,0
Lavelle Hawkins,WR,11.3,160,8.4
Kevin Dorsey,WR,11.1,160,0
Trindon Holliday,WR,11,160,4.7
Kris Durham,WR,10.8,160,5.8
Tyrone Walker,WR,10.8,160,5.3
Devin Aromashodu,WR,10.2,160,0
Aaron Mellette,WR,10.1,160,5.7
Patrick Peterson,WR,10,160,4.4
Armanti Edwards,WR,9.8,160,7.6
Chad Hall,WR,9.6,160,4.5
Chastin West,WR,9.4,160,4
Chris Owusu,WR,9.4,160,7.8
Deon Butler,WR,9.4,160,0
Eric Weems,WR,9.1,160,2.7
Kevin Cone,WR,8.8,160,4.6
Greg Salas,WR,8.6,160,7.8
Griff Whalen,WR,8,160,5
Chris Harper,WR,7.7,160,2.9
Armon Binns,WR,7.7,160,0
David Gilreath,WR,7.6,160,4.1
Joe Anderson,WR,7.5,160,4.8
Marlon Brown,WR,7.3,160,4
Saalim Hakim,WR,7.3,160,2.7
Nathan Palmer,WR,7.2,160,4.1
Preston Parker,WR,7.2,160,5
Marvin McNutt,WR,6.8,160,4
Toney Clemons,WR,6.7,160,0
Kerry Taylor,WR,6.2,160,2.7
Stephen Burton,WR,6.1,160,4.6
Jordan Norwood,WR,6,160,5.1
Terrance Copper,WR,4.8,160,4.4
Kevin Elliott,WR,4.8,160,4.4
Josh Cooper,WR,4.7,160,3.6
Alan Bonner,WR,4.3,160,1
Kealoha Pilares,WR,4.2,160,2.7
Michael Preston,WR,3.9,160,3.4
Laron Byrd,WR,3.7,160,3.1
Ryan Whalen,WR,3.6,160,3.7
Dorin Dickerson,WR,3.5,160,0
Ricardo Lockette,WR,3.3,160,2.7
LaQuan Williams,WR,3.2,160,2.7
Cobi Hamilton,WR,3.1,160,2.2
Tobais Palmer,WR,2.9,160,1.8
Terrence Austin,WR,2.7,160,2.2
Danny Coale,WR,2.6,160,2.2
Mardy Gilyard,WR,1.7,160,2
Jamar Newsome,WR,1.6,160,1.8
Kassim Osgood,WR,1.5,160,1.8
Joe Adams,WR,1.5,160,2.7
Kris Adams,WR,1.2,160,0.9
Roberto Wallace,WR,0.9,160,0.9
Demarco Sampson,WR,0.8,160,0.9
Nick Miller,WR,0.7,160,0.4
Carlton Mitchell,WR,0.4,160,0.4
Micheal Spurlock,WR,0,160,0
Donte Stallworth,WR,0,160,0
Brandon Kaufman,WR,0,160,0
Julius Pruitt,WR,0,160,0
Brett Swain,WR,0,160,0
Zach Rogers,WR,0,160,0
Andy Tanner,WR,0,160,0
Taylor Price,WR,0,160,0
Josh Bellamy,WR,0,160,0
Naaman Roosevelt,WR,0,160,0
Lance Lewis,WR,0,160,0
Dan DePalma,WR,0,160,0
Kashif Moore,WR,0,160,0
Tim Toone,WR,0,160,0
Greg Childs,WR,0,160,0
Roy Roundtree,WR,0,160,0
Jeremy Kelley,WR,0,160,0
Sam McGuffie,WR,0,160,0
Eric Page,WR,0,160,0
Andre Holmes,WR,0,160,0
Tim Benford,WR,0,160,0
Lamaar Thomas,WR,0,160,0
Richard Goodman,WR,0,160,0
Mark Harrison,WR,0,160,0
Ryan Spadola,WR,0,160,0
Marc Mariani,WR,0,160,0
Jarett Dillard,WR,0,160,0
Jeremy Ebert,WR,0,160,0
Dale Moss,WR,0,160,0
Conner Vernon,WR,0,160,0
Terrence Toliver,WR,0,160,0
Nick Williams,WR,0,160,0
Chad Bumphis,WR,0,160,0
Brandon Collins,WR,0,160,0
Andrew Helmick,WR,0,160,0
Robert Gill,WR,0,160,0
Charly Martin,WR,0,160,0
Greg Orton,WR,0,160,0
Junior Hemingway,WR,0,160,0
Eric Rogers,WR,0,160,0
Jeff Maehl,WR,0,160,0
David Douglas,WR,0,160,0
Mike Willie,WR,0,160,0
T.J. Moe,WR,0,160,0
Emory Blake,WR,0,160,0
Marcus Davis,WR,0,160,0
Jeremy Maclin,WR,0,160,0
Perez Ashford,WR,0,160,0
Rodney Smith,WR,0,160,0
Danario Alexander,WR,0,160,0
Isaiah Williams,WR,0,160,0
Joe Webb,WR,0,160,0
Kamar Aiken,WR,0,160,0
Seyi Ajirotutu,WR,0,160,0
Rico Richardson,WR,0,160,0
Diondre Borel,WR,0,160,0
Raymond Radway,WR,0,160,0
Bryan Walters,WR,0,160,0
Tori Gurley,WR,0,160,0
Greg Jenkins,WR,0,160,0
Jeremy Ross,WR,-0.2,160,0
